"X","Y"
232338.1036013,598387.45219806
232372.25120058,598646.49412258
232396.52803263,598705.0373636
232413.09934124,598788.34753501
232413.09790181,598812.29820023
232413.10698981,598837.55038555
232413.10560157,598862.30912935
232413.1046008,598887.36356119
232447.23614876,599146.43657684
232547.32085521,599387.82183226
232706.52455709,599595.03662738
232730.96039725,599619.43610264
232755.36056264,599643.87736202
232805.40062685,599718.87228865
232830.39812685,599743.91188865
232831.81249639,599745.32580969
232853.45979639,599766.92300969
233138.09994356,599963.82751231
233138.10839064,599987.55338056
233138.10710136,600012.30601333
233138.10620094,600037.36269058
233138.10490136,600062.31301333
233138.10400065,600087.36765535
233138.10883955,600104.75066427
233182.81761209,600400.13601344
233312.78744034,600669.13270967
233325.86691825,600683.17365438
233326.43530497,600687.90228441
233332.12614799,600728.28023876
233333.88714799,600739.16423876
233337.99087147,600762.73558787
233342.54827147,600787.17858787
233350.32786504,600824.86413087
233355.08616504,600845.86483087
233361.94856201,600874.22545285
233363.28780303,600879.42700903
233376.39093282,601068.35060861
233519.41617768,601387.75054288
233763.73602481,601638.31061747
234072.04240771,601785.81068474
234071.76034474,601786.71791491
234077.98173544,601788.65218037
234079.42800228,601789.34410395
234096.76409198,601794.14853226
234148.85354873,601898.11254512
234268.77193225,602020.74099902
234265.86254449,602023.39189772
234275.66564449,602034.15089772
234335.57726239,602094.53305506
234350.96176239,602108.77255506
234400.62347825,602151.79674079
234411.87797825,602160.91734079
234434.79961692,602178.9456341
234443.92141692,602185.9072341
234596.56218306,602281.94424418
234614.05758306,602290.85994418
234627.78534528,602297.72345518
234635.28834528,602301.40305518
234688.10642437,602322.21361069
234688.10600067,602337.36478075
234688.10480116,602362.31322019
234688.10400077,602387.35989372
234688.10280115,602412.32033944
234688.11209107,602437.56847495
234688.11090116,602462.31732038
234688.11010077,602487.36388464
234688.10890116,602512.31432019
234688.10820067,602537.36279085
234688.10700115,602562.32133964
234688.10640062,602587.36987544
234688.10510136,602612.31431354
234688.10430077,602637.36498512
234688.10310116,602662.31552038
234688.11239182,602687.56577743
234688.11130097,602712.31652684
234688.11060067,602737.37108739
234688.10940116,602762.31962038
234688.10870067,602787.36808151
234688.10750116,602812.31662038
234688.1067007,602837.3652875
234688.10560097,602862.31762666
234688.1048007,602887.36229567
234688.10370097,602912.32464431
234688.11299107,602937.56887421
234688.11180116,602962.31772038
234713.39966569,603089.61131959
234747.25824549,603346.52048287
234764.58211318,603388.28877697
234772.244738,603446.44733128
234853.90827827,603643.3981183
234864.14252011,603694.83313373
234885.08758699,603726.2159355
234894.29484055,603780.37619799
235056.57475127,604073.75544994
235306.70347219,604297.00817192
235419.535608,604343.62911064
235425.95301804,604348.61100872
235425.82043298,604348.78114313
235435.92763298,604356.65764313
235438.70963517,604358.51409516
235448.94512813,604366.46000828
235463.26642813,604376.58380828
235464.0747048,604375.44040634
235558.16246428,604438.22591092
235578.59386428,604449.78631092
235664.20146215,604492.94413484
235680.72796215,604500.30453484
235709.71402213,604512.67046908
235722.74812213,604517.98986908
235764.24158229,604530.301255
235780.37459674,604746.28126536
235879.87441355,605011.55915722
236049.78233095,605238.28337971
236055.90863095,605244.41137971
236081.54512212,605270.00927105
236216.4967365,605360.07071259
236337.61834727,605453.14520707
236386.07672557,605473.2417802
236405.7660375,605486.38165869
236428.79766127,605490.95893125
236518.35553875,605528.10021614
236530.76611345,605536.38257634
236545.28357496,605539.26776379
236579.00210851,605553.25145451
236687.82350995,605567.59602433
236913.07999833,605612.36329949
236938.07869833,605612.36409949
236963.07518854,605612.36489942
236988.07179798,605612.36579935
237013.07429808,605612.36659949
237038.08281087,605612.36739949
237223.29093042,605575.57229822
237237.06308471,605577.38778918
237413.08509821,605612.36969961
237438.08349821,605612.37039961
237455.39786249,605612.36408146
237554.00533227,605653.25781933
237811.7843288,605687.23717427
237962.62665732,605803.14837215
238204.00644824,605903.25212613
238463.07919808,605937.40289949
238488.07769808,605937.40369949
238513.09021252,605937.40429962
238538.08469808,605937.40509949
238652.81213838,605922.28893488
238622.30634366,605962.00120725
238606.60866232,605999.86414569
238597.37279723,606011.88325626
238563.45502501,606093.67005385
238536.89814727,606113.58954076
238537.43112897,606114.30011779
238369.61369452,606241.67618757
238356.33299452,606254.94488757
238355.60228793,606255.67568876
238330.59338793,606280.71368876
238280.51342893,606355.74925681
238280.31314419,606355.94957127
238255.31414419,606380.99757127
238203.32607838,606458.92550604
238047.3686646,606661.88070183
237951.30208454,606893.52721187
237922.2447803,606919.37412627
237770.03909414,607165.96591713
237760.86449414,607187.21451713
237702.31217974,607420.58838138
237655.46330722,607504.92441172
237648.52122498,607533.57183722
237623.71445198,607551.14796386
237455.5828172,607755.18895171
237439.42321546,607781.15807222
237437.51171984,607784.12411307
237309.40064291,607944.19694696
237203.64773544,608189.53950644
237170.85413483,608306.66594136
237072.92953573,608643.9547233
237035.20019534,608984.8048164
237114.84664258,609318.35950837
237302.50227294,609605.39200389
237523.03445853,609772.04661406
237519.56100897,609777.01105708
237527.33400897,609782.44955708
237540.04678954,609791.19891465
237541.68519116,609792.30798421
237541.60464144,609792.44419579
237543.83381133,609793.76243175
237549.49051765,609797.59157882
237557.41165825,609803.14469165
237561.80477083,609806.35792047
237568.34042612,609811.03953128
237580.47191577,609821.49224384
237596.76951577,609834.37574384
237597.10746355,609833.94824061
237627.94123715,609859.83360842
237637.54453715,609866.99260842
237643.24527231,609859.34546915
237841.6333469,609991.76338749
238008.03145648,610034.52893995
237970.40910537,610178.4870644
237997.88075252,610513.26346829
238134.65720273,610820.05677764
238365.30597844,611064.25152422
238663.80299396,611218.29523139
238996.46885134,611264.80715814
239078.02829646,611262.37307903
239088.09629763,611262.37319986
239113.09900835,611262.37379971
239138.1037928,611262.37409986
239163.09639865,611262.37469971
239173.18327146,611262.37490146
239231.30673133,611270.03600194
239255.88252114,611286.43117183
239318.38183486,611298.84816998
239323.20716494,611300.84924887
239337.16664753,611356.4444336
239345.48234753,611378.4456336
239452.62373901,611577.03445976
239449.35361072,611579.14803951
239453.30921072,611585.26813951
239470.32476331,611609.8436812
239471.7773827,611612.53614184
239480.0841827,611623.97364184
239480.10005093,611623.96211709
239489.50895409,611637.55138435
239506.51305409,611660.51438435
239507.09991022,611660.07981742
239511.63120768,611666.01756873
239511.48204382,611666.12395755
239517.50124382,611674.56325755
239517.9020831,611674.27736514
239534.25809192,611696.56707707
239546.98919578,611714.71965045
239553.44490626,611723.55818558
239584.98670719,611768.02348095
239595.11373692,611782.04137333
239599.34907799,611787.79842651
239603.19691689,611793.15822776
239611.98370643,611805.20702028
239623.03090643,611820.12052028
239647.95545804,611852.37255829
239658.69355804,611865.69715829
239672.33033313,611882.25207702
239685.63323313,611898.05327702
239749.52201117,611967.07322318
239760.05341117,611977.42802318
239783.77052304,611999.99586927
239798.24002304,612013.31976927
239907.58850904,612100.69461657
239920.74380904,612109.77441657
239981.27527917,612148.41992839
239996.97237917,612157.66542839
240128.14274281,612222.50057188
240145.94934281,612229.73357188
240267.16946026,612270.16072846
240276.26606026,612272.56082846
240335.34611066,612286.24704138
240346.54241066,612288.48534138
240351.48033353,612289.45958583
240359.52203353,612291.02518583
240547.40330085,612309.44892834
240572.40240085,612309.52932834
240733.36786847,612297.01368294
240741.67336847,612295.68688294
240760.68625888,612292.461277
240766.06799036,612291.49477097
240767.31436826,612291.28359521
240968.03181747,612226.15399329
241058.57809114,612216.69351795
241063.48277764,612215.92919357
241071.09166766,612231.53587571
241081.75146766,612252.30347571
241092.13035157,612271.98184105
241096.35535157,612279.78094105
241161.6476271,612384.35286065
241176.9427271,612405.78496065
241200.51351812,612437.47089789
241210.21681812,612449.99089789
241301.43774771,612552.34823846
241314.20204771,612564.83123846
241336.73896314,612586.19701698
241348.97606314,612597.44261698
241456.15199226,612683.14665596
241481.14739226,612700.46295596
241601.63532444,612771.33090071
241601.48378415,612771.62059196
241607.30601878,612774.66625925
241608.91786555,612775.61430662
241623.30246555,612782.69630662
241623.49213758,612782.31105438
241718.38789521,612825.10304125
241744.55299521,612835.11034125
241786.75496351,612849.18435176
241792.06452436,612851.06298842
241794.92935339,612851.91044378
241826.88450463,612862.56722479
241844.48870463,612867.60052479
241844.76016619,612866.65107539
241870.95401429,612874.39957162
241870.81288898,612874.90658543
241882.47498898,612878.15268543
241911.20710668,612885.69219668
241930.96120668,612890.56339668
241942.12965319,612893.2324362
241947.28652913,612894.7731497
241950.8941105,612895.89581552
241961.29571001,612899.3421342
241988.54003097,612907.93898654
242013.36023097,612915.38278654
242145.65889435,612945.45180101
242170.65949435,612949.37350101
242262.37328131,612958.22409162
242312.61970948,612978.1185844
242321.76342738,612981.4024685
242330.88712258,612984.68613686
242355.18692892,612993.08054632
242364.36712892,612996.12034632
242421.28772895,613013.10971494
242443.20792895,613018.94921494
242585.20691846,613045.96631855
242605.16681846,613048.28561855
242686.18495654,613054.37703321
242696.68065654,613054.73833321
242753.28972127,613055.08372035
242767.73282127,613054.76292035
242852.16432511,613049.26614132
242962.86436247,613150.36061789
243002.32776247,613175.37851789
243262.86530146,613292.27212619
243302.50240146,613303.60442619
243302.61782791,613303.20069795
243345.07024164,613315.11707313
243363.76204164,613319.67407313
243363.81715121,613319.44802592
243395.77535286,613327.34075052
243411.11915286,613330.65595052
243432.17527962,613335.19479213
243435.94830684,613336.00046789
243456.58990684,613340.36656789
243457.49412949,613340.55739793
243525.86972291,613390.87754225
243793.24487447,613488.15872148
244077.19477856,613506.2017666
244975.43457856,613434.8326666
245259.49388543,613369.66051555
245512.69859468,613225.35364008
245713.54223283,613014.16904759
245769.50009189,612903.41234393
245793.78600497,612871.0292594
245955.02948164,612546.69438547
245990.16277852,612186.19720009
245924.24149988,611945.25650501
246220.52470581,611886.36960149
246258.00372848,611861.35198848
246263.1306,611862.371
246288.12300401,611862.371
246313.11549928,611862.37129993
246338.12390781,611862.3713
246363.12039976,611862.37139999
246388.12679344,611862.37149998
246413.12319949,611862.37169997
246438.1296,611862.3717
246463.51612325,611862.36192472
246714.74457095,611812.36640646
246738.12709976,611812.36649999
246963.41208498,611767.60269704
247003.11259717,611762.3709
247013.12980101,611762.3709
247038.12419949,611762.37109997
247063.12470394,611762.3711
247088.11709923,611762.37139993
247113.52742717,611762.36131999
247289.52537705,611727.33543175
247472.20450792,611703.26118772
247510.43506766,611687.4078
247538.12680091,611687.4078
247563.12099942,611687.40799997
247588.11939949,611687.40819997
247613.12179974,611687.40829999
247872.13719892,611653.28256471
247990.75034022,611604.10959887
247997.20165187,611603.259415
248009.39090812,611598.20477931
248064.95355133,611587.16456185
248322.13487939,611553.28142806
248394.12264092,611523.43800866
248547.2707743,611503.25019839
248605.46080194,611479.11310572
248689.7450646,611462.3659
248713.12960096,611462.3659
248738.12389946,611462.36609997
248763.12820778,611462.3661
248788.12459974,611462.36619999
248838.13310778,611462.3662
248863.12949975,611462.36629999
248888.12779973,611462.36639999
248913.1301,611462.36620003
248938.12039946,611462.36639997
248963.12279975,611462.36649999
249188.64181936,611417.56756227
249297.27582837,611403.24681552
249330.85924249,611389.31633321
249345.34424031,611386.43891509
249357.75476651,611378.16000408
249379.44811006,611369.16155212
249594.73304121,611409.40018528
249684.73714121,611411.95718528
249953.35992465,611383.07787689
250204.44819542,611283.34375777
250215.54175606,611274.92619989
250297.49735367,611240.94079087
250320.53596492,611236.3616731
250340.21036501,611223.22852711
250388.59622568,611203.16384192
250468.49497007,611141.77030348
250495.34596296,611136.43633346
250548.83711801,611100.75307367
250663.60048896,611053.16223992
250717.94947163,611011.40066903
250735.05035353,611008.0027217
250901.50929668,610984.31572445
250939.01139668,610973.55222445
250937.36144687,610967.80348261
251095.44483106,610936.39229475
251170.29606434,610886.44372474
251170.34878671,610886.43325137
251223.83946467,610850.75019395
251338.60103822,610803.16010512
251399.67763788,610756.22931508
251422.21398238,610753.2591414
251581.02960313,610687.40042842
251588.13309227,610687.4004
251613.1293,610687.4004
251638.13948987,610687.4003
251663.1355,610687.4003
251688.13569227,610687.4002
251713.1319,610687.4002
251738.13210329,610687.40000002
251763.1342013,610687.40009999
251788.14029914,610687.3999
251813.1344,610687.3999
251838.1326,610687.39980001
251863.12679971,610687.39989999
251888.1428987,610687.39979999
251913.14099914,610687.3996
251938.1352,610687.3996
251963.13529229,610687.3995
252013.1396,610687.3995
252015.79898717,610687.39946809
252054.00174282,610703.24566155
252313.14130029,610737.40469999
252338.13749227,610737.4046
252363.1336,610737.4046
252388.13570031,610737.40449999
252413.14179826,610737.40430002
252438.1338997,610737.40439999
252463.14200599,610737.40419998
252488.13619227,610737.4041
252513.1323,610737.4041
252535.92345217,610737.40400884
252593.35652062,610748.81602627
252604.06868358,610753.25804117
252638.63875027,610757.81365791
252913.13609871,610812.35659999
252938.14218989,610812.3565
252963.1383,610812.3565
252988.14240598,610812.35629998
253013.1385003,610812.35619999
253038.13660031,610812.35609999
253063.1446987,610812.35599999
253088.14480597,610812.35579998
253113.14080032,610812.35569999
253138.1389003,610812.35559999
253162.94106383,610812.35550078
253187.75332725,610812.36512478
253213.1392,610812.3652
253238.14530061,610812.36499997
253263.14150589,610812.36479998
253288.13750032,610812.36469999
253313.13550032,610812.36459999
253338.14369869,610812.36449999
253363.14170032,610812.36439999
253388.14380061,610812.36419997
253413.13799909,610812.364
253438.132,610812.364
253463.14609797,610812.36379998
253488.14220031,610812.36369999
253513.14420064,610812.36349997
253538.13839909,610812.3633
253563.1324,610812.3633
253588.14839605,610812.3629
253613.1386,610812.3629
253650.63991958,610804.91118827
253688.14069741,610812.36249997
253713.14679797,610812.36229998
253738.14280032,610812.36219999
253783.81423397,610812.35669271
254107.04892883,610758.63428435
254395.56599731,610603.31311285
254401.20353591,610598.95199413
254553.10399343,610491.4033339
254682.75552881,610381.97291596
254695.63742881,610369.07671596
254701.70527228,610359.98738203
254820.46037206,610336.38937133
255144.68450872,610120.02890484
255169.68260872,610095.07060484
255252.67471674,609987.06114035
255262.75860211,609976.96495643
255284.72770245,609960.08392872
255419.67948875,609870.02852254
255444.67748875,609845.07042254
255445.81600811,609843.9318887
255470.17416339,609819.53417198
255494.5416604,609795.21529674
255495.96275943,609793.79418008
255520.96025943,609768.74608008
255613.4196221,609646.53753548
255630.92175265,609639.27953695
255645.45712386,609636.39123603
255657.88431721,609628.09836941
255794.92995657,609571.26659991
255862.66109443,609557.80767541
255897.22106827,609553.25289647
255907.92884832,609548.81247319
255970.46044502,609536.38675489
256023.92165897,609500.71126322
256138.60775415,609453.15193679
256345.81850811,609293.9305887
256370.2473056,609269.46211503
256394.67548649,609245.0729248
256395.81660202,609243.93179057
256420.25400466,609219.45451805
256444.68088649,609195.0666248
256445.8194104,609193.92808641
256470.24881448,609169.45900501
256494.6777042,609145.06900935
256495.67350224,609144.07339577
256520.253618,609119.4632031
256544.82351622,609094.92269294
256703.96852998,608887.73374049
256705.36080095,608884.37526771
256720.25562501,608869.46209865
256744.82339934,608844.92380812
256903.96849588,608637.73574911
256908.25001663,608627.40783923
257029.29406493,608469.87650524
257222.3640045,608360.54512861
257394.54678715,608161.04873436
257413.60915602,608153.14373571
257620.8199104,607993.92238641
257645.24860449,607969.45401615
257669.67658196,607945.06502932
257670.67521516,607944.06658112
257695.68271516,607919.02838112
257777.55422996,607796.37688025
257845.82113912,607743.91995308
257870.17677094,607719.52456843
257894.54193673,607695.20811757
257895.82200177,607693.92829732
257920.81940177,607668.89039732
258137.17406834,607344.66754508
258137.84777136,607341.27707901
258178.90364602,607287.8451419
258189.23426602,607262.93218937
258316.11096126,607077.20232762
258399.65468963,606718.32019247
258401.04688333,606686.27539684
258414.03469826,606678.09183188
258484.8213601,606637.44583023
258487.26285559,606636.17006588
258496.23387889,606631.42429342
258506.4558062,606625.95021182
258508.30447004,606624.99783833
258529.39246859,606614.15237636
258545.48098896,606605.6923489
258557.90563989,606599.01409401
258561.68836136,606597.04873354
258570.16325341,606592.59384466
258588.60405341,606582.78734466
258611.05293163,606570.47822549
258655.28633163,606545.48252549
258689.10565004,606525.48515627
258727.61405004,606501.68195627
258766.17615299,606476.60172212
258804.49095299,606450.40892212
258851.0212306,606416.59607038
258883.4210306,606391.59677038
258943.80195546,606341.09435254
258953.08578771,606332.68671549
258960.77594997,606325.92643394
259035.76070615,606252.69531929
259040.5998236,606247.44641521
259044.68000377,606243.20568516
259127.47592259,606144.01113069
259127.75968464,606144.22945734
259133.25184375,606137.09122529
259135.04944374,606134.93759099
259146.18624374,606119.50039099
259145.28677382,606118.85148985
259226.25939534,605992.92375571
259237.72149534,605971.28295571
259290.00462921,605855.27405771
259294.06532921,605844.47785771
259321.6764744,605759.80179839
259326.5495744,605742.23919839
259362.51219685,605445.10448059
259362.15479685,605433.10278059
259361.85031848,605424.2085892
259361.34731848,605411.2074892
259342.67078242,605330.4658362
259542.6665968,605329.64723103
259838.34809392,605232.80969293
260089.95512065,605049.78248011
260095.03812065,605044.70248011
260102.77487163,605034.62484211
260134.75951747,605010.05627363
260269.6837797,604920.01943158
260294.6813797,604895.06173158
260453.90130817,604687.84685632
260553.99924388,604446.45631503
260561.67107978,604388.23683563
260578.99545435,604346.45858573
260587.94658153,604278.53265733
260658.16744987,604180.35266676
260752.36013708,603865.05885446
260748.3604425,603765.76670336
260778.44855593,603754.49002445
261005.63731576,603584.08347111
261020.68731576,603569.01467111
261237.13745623,603244.74632375
261240.69758155,603226.83403841
261262.16968845,603194.65666327
261265.70579511,603176.86096084
261287.14018562,603144.75026046
261297.79983508,603091.11773799
261362.16724077,602994.65943715
261365.70376544,602976.86195732
261387.13936744,602944.74933786
261393.9147999,602910.65961631
261407.4407264,602903.11184797
261452.6240264,602874.55024797
261495.79692577,602845.66334709
261506.1008082,602838.37461961
261517.29093147,602835.74033307
261516.22512371,602831.21291361
261524.0327017,602825.69001401
261533.79572344,602820.76470146
261540.74534817,602817.11088512
261695.54932831,602786.34172943
262019.82117564,602569.88113012
262044.81867564,602544.91373012
262045.67560137,602544.05679835
262070.18433204,602519.5181754
262094.68285969,602495.05884932
262096.07451188,602493.66668628
262106.21051188,602483.50698628
262333.29759991,602131.82375308
262348.57629991,602091.53615308
262354.12989544,602076.53120951
262367.51609544,602039.45530951
262376.14400252,602013.96208606
262380.06027454,602007.31201999
262379.95970925,602007.25279636
262402.83643659,601968.63554132
262414.75179986,601946.86603773
262417.33174067,601942.23290348
262417.71418526,601941.56727042
262461.74509328,601855.56338764
262472.64577975,601831.4679163
262476.26117182,601823.74285007
262481.25705584,601812.8999432
262486.35555584,601801.6582432
262515.41795056,601730.41115956
262523.25935056,601708.85085956
262524.65756491,601704.98164272
262530.83306491,601687.78184272
262531.55242623,601685.77155595
262539.31272623,601664.01185595
262545.09216086,601647.34317153
262548.30956086,601637.79237153
262568.48176751,601570.09678756
262570.40464378,601562.69844592
262571.31705618,601559.39636578
262577.71411798,601535.05591055
262582.25351798,601516.85511055
262588.11373681,601490.73843115
262589.59530579,601484.603265
262590.40098521,601480.54506893
262592.62606216,601470.62878033
262594.89306216,601459.27278033
262594.63445227,601459.221154
262605.54646665,601404.25748869
262608.68486665,601384.17408869
262620.27593682,601258.0490353
262621.00223682,601232.3673353
262593.68319305,600970.28358489
262590.99989305,600959.12548489
262582.30044792,600925.52612076
262579.88074792,600916.80712076
262539.61639468,600800.1831966
262535.72289468,600790.8222966
262420.68185081,600586.05662485
262415.73235081,600579.26222485
262357.29347206,600506.44344183
262350.47817206,600498.71944183
262266.26100937,600427.16018778
262278.99314497,600396.4566945
262308.9364804,600169.23828824
262316.04144484,600134.20118543
262387.32880409,599997.28199898
262418.75816885,599802.8099007
262473.34518914,599621.53632337
262461.30926807,599294.01639547
262344.02911115,598987.97794796
262307.05551115,598924.95664796
262235.66026575,598819.32549248
262230.92456575,598813.20029248
262198.0814425,598772.92821735
262191.5168425,598765.29271735
262177.11005091,598750.26030918
262234.57006792,598687.60981719
262366.33776911,598384.8652493
262388.26895083,598107.19586626
262394.23588411,598096.73629466
262404.45287608,598078.38141688
262418.76947608,598052.01361688
262433.9470468,598022.93253665
262436.62734391,598017.58488769
262450.04009503,597993.05253737
262547.74648604,597728.65550387
262561.31852864,597708.31727261
262653.89216509,597587.84099943
262669.62287566,597549.90688385
262678.88889506,597537.84805852
262694.59534837,597499.97243922
262703.82946577,597487.9592755
262706.01368745,597482.69358151
262778.83173595,597387.95991652
262812.76834675,597306.14619417
262887.16701194,597194.65643223
262887.83994616,597191.26997699
262928.89149665,597137.84525576
262944.65448057,597099.83342161
262953.95762181,597087.72197648
262969.61859198,597049.94502545
262978.83003383,597037.96132018
262983.18549108,597027.46120928
263128.88929771,596837.84105392
263144.58676459,596799.98731827
263153.83073143,596787.96132433
263169.60589645,596749.93054178
263178.89399774,596737.84295388
263253.82079286,596557.15984612
263262.16514656,596544.65548206
263265.07175399,596530.0285826
263278.99483609,596496.45360131
263285.49052224,596447.16416524
263287.16198308,596444.65942731
263363.13299987,596062.35302744
263363.13339987,596037.39582744
263363.13330003,596012.33891652
263363.13369987,595987.3918275
263363.13350005,595962.340814
263363.13379993,595937.38361577
263363.13370004,595912.34261968
263363.1341998,595887.39763446
263363.13390012,595862.33452755
263363.1343998,595837.39343438
263363.13420008,595812.34242231
263363.1346998,595787.3992343
263287.20835409,595405.16475521
263212.79696196,595293.61889847
263178.90117937,595211.87931793
263169.62360162,595199.80507706
263165.3727953,595189.55412991
263163.13184078,595172.54532428
263163.13180004,595162.34012086
263163.1322998,595137.39523454
263163.13210008,595112.34421889
263163.1325998,595087.39112636
263142.55940412,594983.84613762
263203.8512247,594876.57137965
263219.89720274,594784.76340261
263443.51251505,594969.37928649
263748.65214444,595085.05707336
264074.78767383,595096.33360983
264387.18842719,595002.00804013
264652.58636602,594812.12523978
264669.91426602,594794.81363978
264670.95321862,594793.77413788
264695.95001862,594768.72733788
264912.20462908,594444.5566528
264915.74047286,594426.75865097
264937.16366663,594394.65520032
264940.7024244,594376.84718124
264962.13301326,594344.74297496
264979.84637147,594255.6274774
264987.16721769,594244.65697717
265001.30805585,594173.49762992
265053.99296252,594046.4503484
265070.14390624,593923.89688272
265101.05102425,593918.19651806
265160.99802425,593904.00731806
265231.34373632,593884.62105621
265279.60173632,593869.40695621
265369.89933827,593836.08236671
265440.95983827,593805.89676671
265535.13893159,593759.92416363
265579.72263159,593735.18806363
265634.9517939,593701.75818614
265662.90451175,593692.90166855
265671.77591827,593690.0453008
265686.55281827,593685.2114008
265692.52730352,593683.23616425
265715.18120352,593675.66736425
265731.65179559,593670.00452787
265738.32039559,593667.64662787
265792.09430215,593646.87066964
265802.27531235,593642.59595577
265804.57245658,593641.6476509
265810.24899979,593641.2685027
265823.38679979,593640.2246027
265823.38649062,593640.22071169
265840.57156549,593638.91818466
265848.12976549,593638.23568466
265858.46864249,593637.24793809
265875.91354249,593635.48983809
265899.51530673,593632.82775448
265924.51460673,593629.70695448
265955.61464689,593625.32754158
265980.60934689,593621.40664158
265997.7763408,593618.56041312
266026.3961408,593613.55911312
266044.86641781,593610.15238742
266063.59111781,593606.51658742
266078.01769661,593603.60503496
266101.65656029,593598.65296047
266114.20016084,593596.27890319
266135.04246084,593592.08120319
266149.98489071,593588.952883
266163.02259071,593586.119283
266184.54455656,593581.19229633
266191.86655656,593579.43079633
266252.28208985,593562.87825747
266286.95168985,593552.20145747
266575.48978599,593409.06918625
266803.56173116,593181.63948765
266938.06523116,592995.23678765
267001.22461726,592895.85941602
267022.10024699,592858.29595531
267032.5634612,592856.2493775
267326.40719023,592748.91460177
267572.70780377,592556.03925618
267747.36111908,592296.49906542
267833.27470847,591995.69390202
267822.04064787,591683.06203056
267820.65044787,591675.94783056
267713.50900964,591382.33855273
267520.96139643,591136.14531061
267261.81675583,590961.41766237
267082.36949959,590909.93354428
267089.92289834,590891.7561735
267099.27149834,590865.9968735
267129.20832367,590768.16808103
267135.48022367,590743.16648103
267153.08893263,590657.12224141
267157.07023263,590632.12324141
267165.1786851,590567.87926522
267167.1227851,590547.07286522
267169.48039116,590516.92690562
267169.97659116,590509.05210562
267170.44458536,590501.12336743
267171.47058536,590482.48266743
267172.64514393,590453.4749274
267174.38326361,590386.51773204
267174.76686654,590378.20757023
267177.18213345,590337.74023175
267177.12804516,590337.73700352
267178.6246093,590314.58747578
267178.93049239,590307.58827115
267178.96409814,590307.05188702
267180.88586409,590252.90485493
267180.95778522,590244.32550297
267181.06242323,590239.0557222
267179.93330051,590167.71903179
267178.71050051,590143.99963179
267169.0062204,590047.36483272
267166.1487204,590028.28573272
267152.55189037,589955.84172338
267151.01349037,589949.03862338
267144.03999778,589920.19651992
267140.00129778,589904.51491992
267132.03345111,589880.22553209
267144.60321251,589849.92302442
267153.89145436,589837.83543753
267169.65332773,589799.82692673
267178.95461378,589787.7181729
267194.65061502,589749.85811216
267203.88565459,589737.83973714
267219.59163572,589699.96611283
267228.82545513,589687.95351128
267328.97769014,589446.51391344
267363.14049999,589187.36829414
267363.14059996,589162.3396108
267363.1410998,589137.38092668
267363.14119995,589112.33841791
267363.14179971,589087.39184174
267363.1418,589062.3213
267363.13230076,589037.17636664
267363.13239996,589012.34021095
267363.1328998,588987.38162676
267363.1329,588962.33501376
267363.13304177,588955.25598656
267403.81244358,588857.16138241
267412.15754587,588844.65623455
267415.06458583,588830.0278851
267428.98970726,588796.44874641
267434.67402721,588753.31775409
267453.82398316,588707.15219644
267462.16389332,588694.65476134
267465.06613268,588680.05030111
267467.57490137,588674.00231302
267487.16071092,588644.65288556
267490.71760799,588626.75414613
267512.20693548,588594.55541419
267526.24188423,588523.83754755
267553.82719263,588487.9505983
267569.60133365,588449.92325091
267578.88845215,588437.83720108
267653.81695755,588257.15558931
267662.16180878,588244.65079073
267665.06857592,588230.02358485
267678.99170023,588196.44954613
267693.2717986,588088.10153726
267738.1354998,587862.34193486
267738.1359998,587837.38543486
267738.13609995,587812.33281759
267738.13669971,587787.38634183
267738.13678235,587777.04780265
267763.13599999,587587.36479415
267763.13609995,587562.33821333
267763.13669971,587537.3817322
267763.13689992,587512.33511103
267763.1373998,587487.38483502
267763.13748235,587477.05113243
267787.18801017,587294.56683051
267787.19550704,587294.55559275
267863.13179961,586912.34514892
267863.13249961,586887.38874892
267863.13259995,586862.33831334
267863.13319971,586837.3818322
267863.13321069,586834.63937506
267879.04641844,586796.25545005
267884.83436561,586752.2383604
267930.55587736,586640.54113464
267940.7445874,586558.39465468
268006.55506278,586472.71844719
268108.58783941,586103.68889104
268110.65873941,586076.89049104
268112.49929311,586047.41138632
268114.40669764,586007.35845409
268115.03455922,585997.35427376
268116.37285922,585973.71087376
268117.01914116,585960.81902931
268117.11243114,585958.68242781
268117.59177394,585950.0743218
268117.91587394,585943.6309218
268118.66808162,585925.34135897
268119.44288162,585901.10065897
268119.93719245,585874.83001131
268120.07839245,585849.95291131
268119.71944124,585816.89139494
268119.01584124,585791.20879494
268117.33111516,585754.44368584
268116.57521516,585742.68478584
268116.50034858,585742.6895985
268114.41823402,585711.63049725
268113.70293402,585703.55259725
268113.01854124,585696.13802498
268111.39364124,585679.22252498
268107.48184477,585644.78234886
268104.20144477,585619.77434886
268097.28256061,585574.94015707
268096.60999229,585571.15385204
268095.24752424,585562.85398684
268088.81658346,585527.6344593
268084.49548346,585506.1532593
268078.95607308,585480.37781063
268075.45987308,585465.09331063
268066.04233931,585427.32044471
268063.22333931,585416.88354471
268059.56082285,585403.68348963
268057.31632285,585395.80398963
268053.36193814,585382.28395497
268050.49798118,585372.74204549
268048.55326653,585366.16808805
268041.04629536,585341.92649399
268027.05139536,585298.68359399
268002.62580461,585231.50747949
267993.46710461,585208.87267949
267989.59010027,585199.42995183
267973.74370027,585161.38865183
267933.55362515,585076.39969474
267926.23492515,585062.63699474
267919.43591756,585050.0690045
267901.76211756,585017.9494045
267839.83515184,584919.44676581
267829.37045184,584904.77146581
267820.79286952,584892.92677334
267806.25886952,584873.16277334
267728.1954986,584779.54807655
267703.1910986,584753.03087655
267624.69475004,584678.34174112
267599.69935004,584657.01574112
267548.65713009,584616.27020546
267545.56570698,584613.96357793
267539.44167076,584609.2207225
267487.71181454,584571.73854668
267482.04851625,584567.90481566
267481.28287029,584567.35876372
267442.93369899,584541.32779873
267432.59379899,584534.65389873
267423.92712973,584529.12289204
267414.92322973,584523.44159204
267414.70737734,584523.78368158
267386.92120044,584506.57234012
267387.05118401,584506.35956508
267373.55168401,584498.11276508
267370.97614586,584496.69563848
267370.2266562,584496.23138884
267360.3226562,584490.59538884
267360.21932852,584490.77696394
267294.06643762,584454.37796056
267275.14953762,584445.06116056
267274.60697889,584446.16277582
267084.12487871,584372.14735505
267040.14787871,584360.37975505
266893.06884085,584332.6191011
266848.61964085,584327.6359011
266797.56375001,584327.35100095
266815.71611231,584274.99061678
266817.7887319,584210.55956346
266825.62145159,584197.29688908
266832.6286433,584158.22716695
266878.99603663,584046.38894996
266899.06406175,583894.10001594
266903.87564664,583887.83842996
266919.60440872,583849.91115753
266928.88325809,583837.83603718
266931.04800726,583832.61611979
267003.87408031,583737.84378259
267051.49599856,583623.0118353
267137.15316997,583494.65680166
267147.37648138,583443.2141418
267203.82670832,583307.13157349
267212.15575863,583294.65072918
267215.05444382,583280.06526806
267228.97158981,583246.51569578
267243.25696018,583138.15723772
267288.13409935,582912.34666304
267288.13499935,582887.39036304
267288.13539974,582862.3418108
267288.13619949,582837.38354319
267288.13649993,582812.3271826
267288.12740291,582787.18456647
267288.12779971,582762.33861836
267288.12869935,582737.39226289
267288.12909987,582712.33577674
267263.12759585,582522.55089079
267263.12779972,582512.34250272
267263.12849961,582487.38033791
267263.12889971,582462.34191972
267263.12979935,582437.39566304
267263.13019971,582412.33921581
267263.13109935,582387.39296304
267262.09426988,582382.17276728
267287.18698534,582344.55983159
267304.87522268,582255.53375106
267312.19605782,582244.56491463
267322.81750052,582191.04978895
267387.18753798,582094.56230525
267463.1287992,581712.35187004
267463.1297992,581687.39557004
267463.13009976,581662.33522328
267463.1310992,581637.39297004
267463.13159968,581612.34260591
267463.13232159,581589.81323812
267476.31899485,581523.4453937
267528.99731805,581396.38628359
267563.1296998,581137.370071
267563.13019964,581112.34181582
267563.13109935,581087.39366318
267563.13159968,581062.33710921
267563.13239949,581037.38715642
267563.1328996,581012.33871596
267563.1338992,580987.39247004
267563.13429987,580962.3320768
267538.13343572,580772.60040143
267538.13359968,580762.34341665
267538.1345992,580737.38925415
267538.1350998,580712.332871
267538.12600437,580687.18635827
267538.12659957,580662.34041008
267538.12749935,580637.39026318
267538.12799968,580612.33410722
267538.12879949,580587.3837559
267538.12939957,580562.34540389
267538.13029935,580537.38534888
267462.17497109,580155.064791
267299.17321635,579910.78261889
267278.83897534,579861.7572119
267269.60629292,579849.74502045
267253.90214365,579811.87185395
267244.63710224,579799.81329462
267240.35344239,579789.48250314
267228.99166727,579703.25509424
267175.67011892,579574.66095254
267143.24056931,579411.38227226
267137.1420831,579365.08629919
267138.30771807,579361.55862554
267140.72728215,579051.49551173
267048.05094515,578755.59673614
266869.18907246,578502.31148324
266771.58695678,578428.93994657
266770.240993,578423.33562769
266763.600993,578400.25692769
266747.4088654,578349.17127989
266739.9878654,578327.76727989
266715.44165466,578264.08044554
266713.12666279,578258.6354886
266713.12759903,578237.3947774
266713.12829944,578212.34850725
266713.1292992,578187.38835415
266713.12999938,578162.34810942
266713.13109903,578137.38985939
266713.13134755,578127.02315338
266738.12419949,577937.37905386
266738.12499942,577912.34500093
266738.12589935,577887.38084874
266738.1266993,577862.34661555
266738.12779903,577837.3965774
266738.12839942,577812.34222046
266738.12959884,577787.39808424
266717.38412556,577682.99773935
266717.44897892,577682.81761194
266721.43708025,577675.13364294
266726.33848025,577664.37374294
266724.40641384,577663.49363901
266821.06276733,577395.0348202
266828.24114455,577073.23148665
266738.12602367,576782.92839509
266738.12659933,576762.3451222
266738.12779884,576737.39918463
266738.12849961,576712.33284835
266703.97622,576453.19453401
266673.20975878,576379.01559789
266670.65006974,576348.84224049
266668.24476974,576330.02084049
266648.1403035,576221.09595853
266640.3906035,576189.14135853
266621.94964497,576123.08211532
266617.63274497,576109.44271532
266612.75992796,576094.45827336
266608.96592796,576083.09647336
266607.2679772,576078.16308635
266603.97758206,576053.19574738
266587.78289441,576014.1494997
266588.12839884,576012.35538463
266588.12959884,575987.39938463
266588.13039949,575962.33694085
266588.12160493,575937.1866639
266588.12229933,575912.34081812
266588.12349884,575887.39498482
266588.1242993,575862.34861004
266588.12539903,575837.38855974
266588.12629921,575812.34830328
266588.12739903,575787.38625974
266562.82443628,575660.05230078
266528.9920825,575403.26804515
266513.1258143,575365.00280424
266513.12589917,575362.34732332
266513.12719864,575337.40129147
266513.12799949,575312.33494097
266478.97640935,575053.19520361
266470.25911772,575032.17741222
266421.44254138,574769.90175921
266230.82930719,574459.33054502
266151.83358751,574398.79260029
266126.75662857,574373.04056862
266140.00232297,574350.94220218
266153.26754271,574328.13420378
266155.20894271,574324.69250377
266173.3851235,574290.97682265
266177.7885235,574282.42042265
266203.41993041,574228.74979111
266207.09463041,574220.42739111
266215.48053995,574200.87483116
266221.46223995,574186.50793116
266232.30344987,574158.97259386
266407.35430327,573994.95664092
266561.31413461,573705.04322873
266613.10323971,573380.89618675
266557.14116557,573057.44346611
266536.51614301,573019.78533583
266537.05137499,573017.43408175
266541.44827499,572996.87468175
266543.91656997,572984.98041507
266546.51546997,572972.06291507
266548.09424128,572964.04661488
266549.62054128,572956.12621487
266554.57224835,572928.32301997
266555.66154665,572921.66330719
266556.74673312,572915.36742901
266561.44949514,572885.36967628
266564.13459514,572866.36017628
266566.35311976,572849.63640059
266569.47421976,572824.48300059
266571.93604849,572802.68962791
266574.25034849,572779.97132791
266575.86567873,572762.61543613
266577.80817873,572739.56913613
266579.01991665,572723.68132577
266581.11951665,572692.92232577
266582.13023504,572676.0071485
266583.41173504,572651.0038485
266584.07274818,572635.86334534
266584.97414818,572610.87234534
266585.45399602,572593.26532091
266585.91519602,572568.25672091
266586.08243309,572547.46579248
266586.02363309,572522.47019248
266585.61303547,572496.07267501
266584.89393547,572471.07077501
266583.51373984,572439.95498803
266582.01453984,572414.95718803
266579.34787959,572380.48018823
266576.97847959,572355.47738823
266571.89727841,572312.00934408
266568.80307841,572289.77104408
266563.36029046,572255.11762246
266558.81489046,572229.15692246
266549.8603781,572184.12539567
266545.3057781,572163.68559567
266542.37530655,572150.92832315
266540.86970655,572144.56512315
266532.27816354,572110.8786958
266525.43766354,572085.8807958
266516.33089639,572054.6105375
266513.89659639,572046.7320375
266511.44868262,572038.92291299
266507.11188262,572025.28381299
266501.68706814,572008.72399338
266498.17846814,571998.32089338
266491.93060442,571980.36150421
266487.15550442,571967.04490421
266476.31982279,571938.23061215
266464.60172279,571908.46851215
266458.14988892,571892.48726932
266449.64368892,571871.92946932
266446.4366281,571864.26883559
266437.6796281,571843.59263559
266432.9216256,571832.54401926
266425.3032256,571815.14211926
266420.90659484,571805.24557256
266405.38149484,571770.80337256
266404.46570743,571768.77772495
266396.64820743,571751.53712495
266394.23744917,571746.26121233
266383.96104917,571723.94291233
266378.59438596,571712.89173147
266375.78648255,571705.88571871
266371.82855919,571696.15850927
266360.22985919,571668.07620927
266347.19788734,571637.93600987
266335.89618734,571612.93270987
266318.16574082,571575.76533932
266310.12494082,571559.76613932
266301.44174348,571542.8898033
266292.82894348,571526.5337033
266285.60372926,571513.06342938
266278.21702926,571499.54122938
266269.82279231,571484.48455372
266259.26709231,571465.92875372
266250.43699272,571450.71914645
266244.17679272,571440.15124645
266223.21298498,571406.31629188
266202.53068498,571374.37359188
266099.11107956,571259.97462298
266101.19921074,571251.40631161
266130.23141074,571129.80621161
266136.15884677,571103.40274662
266160.92747672,570985.63867327
266168.27133741,570950.79320963
266169.20626751,570946.55615617
266172.41922695,570932.83452778
266174.83915384,570922.87887579
266177.91057943,570911.04303481
266179.5495697,570905.22635306
266182.57975291,570895.20929717
266184.95261659,570887.81806473
266187.75102845,570879.54091384
266192.34486902,570866.79620224
266201.06352577,570843.5547322
266222.58284095,570787.07882942
266288.12087829,570430.80740433
266288.11700626,570412.22724282
266288.1184982,570387.39538147
266288.11949872,570362.35152847
266288.12109794,570337.4077131
266288.1220988,570312.34761457
266288.12359819,570287.40170579
266288.12469868,570262.34751325
266288.12619819,570237.39970603
266288.12484954,570235.69615254
266288.11644954,570230.58495254
266242.51147633,569933.67738162
266110.78782121,569663.70923919
265904.83142582,569445.0408088
265643.22654291,569297.40339996
265349.57880638,569234.11891468
265050.38520236,569260.8977601
264772.64314235,569375.32357604
264722.64814235,569405.39827604
264530.48339901,569555.72934011
264506.05519035,569580.19439093
264489.54788984,569596.67343941
264405.76178031,569613.32218912
264363.11701732,569641.78559247
264363.11729794,569637.40861309
264363.11849856,569612.35240756
264363.11999819,569587.40260603
264363.12119846,569562.35231073
264363.12279794,569537.4045131
264363.11391139,569512.15869953
264363.11549795,569487.40248716
264363.1165985,569462.3583153
264363.11829768,569437.40449288
264363.11939859,569412.35422313
264363.12099794,569387.40831284
264363.12209709,569362.38643126
264363.12279122,569357.14944313
264317.71785782,569059.11041202
264185.55085637,568788.14776557
263978.63429653,568568.8889931
263715.77459105,568421.2622771
263420.86276205,568358.68524329
263120.70301303,568386.84544769
262842.57652501,568503.18344107
262611.76190077,568697.12539444
262449.23762116,568951.04414243
262396.90822116,569068.84284243
262392.25326202,569079.48786898
262377.43629052,569113.91495815
262377.29029151,569114.23919709
262365.43668633,569141.68239557
262364.37762898,569144.0957991
262354.89432269,569165.21681758
262351.10690326,569173.75865305
262349.46197999,569177.51575099
262117.70971619,569142.18290281
262064.31671619,569142.17890281
262052.66328052,569144.0708621
261828.49219803,569110.28996314
261558.81200441,569143.63148673
261416.08700441,569181.49208673
261357.10556743,569199.09797512
261105.11357524,569282.84613448
261004.71610052,569300.99119319
260887.74165083,569089.47663827
260878.3256339,569080.76343939
260877.09470825,569078.71993943
260865.07252698,569060.08436192
260862.89041749,569056.48418707
260861.55501439,569054.63186732
260843.72509923,569026.99372427
260837.68499923,569018.23502427
260836.10216685,569019.32656363
260829.95914038,569010.80565395
260831.38467187,569009.85055043
260824.70787187,568999.88515043
260822.94005978,569001.06958133
260773.5945227,568932.62304819
260774.8244113,568931.69811183
260768.8690113,568923.77921183
260755.62924972,568907.52373126
260755.94504529,568907.26423093
260748.22114529,568897.86473093
260747.94620342,568898.09066034
260744.91023368,568894.36316519
260745.00860155,568894.28534873
260734.88520155,568881.48834873
260734.60469175,568881.71025331
260720.00576608,568863.78602173
260711.08746608,568853.66282173
260707.81974935,568856.54160295
260644.14924836,568767.29628517
260538.45477083,568689.37772562
260499.07078911,568397.71350839
260359.81794356,568111.96052434
260137.92077319,567884.34732466
259855.80112675,567737.87334069
259541.9661007,567687.33920062
259488.1428007,567687.33730062
259338.10573324,567687.33800001
259283.46374398,567687.33896162
259035.66751867,567652.29413464
258799.58143737,567583.84750816
258778.37583617,567577.95172425
258487.72619961,567500.57807495
258190.59102178,567409.93070265
257884.58624986,567296.22370854
257591.80239319,567235.14399726
257294.05101765,567263.37936898
257017.96691212,567378.40408165
256788.24666062,567569.92881611
256625.4394559,567820.8210877
256544.10891002,568108.63780049
256551.53029389,568407.63285215
256599.95858463,568551.34535897
256584.27970975,568605.28462594
256553.32707533,568752.09399697
256532.23647533,568910.09039697
256525.52780164,569106.92329723
256536.06260164,569269.86599723
256539.59192675,569298.95441599
256384.4910103,569182.88735346
256358.1323103,569168.06955346
255993.0501867,569047.60923712
255609.50043763,569073.78622648
255572.60563763,569083.66302648
255291.86179579,569207.56037683
255061.90632026,569410.75520312
255045.50010354,569430.51002473
255023.84055894,569407.79017583
254758.24758837,569261.0754293
254460.87932217,569200.76823961
254159.11292306,569232.42077872
254129.26862306,569240.25807872
254109.83823512,569245.57037938
254100.0656914,569248.34829056
254096.79541737,569249.11697602
254088.16628191,569251.73077763
254077.18113512,569254.85337938
254077.23474769,569255.04198555
253975.79386531,569285.76885757
253969.78466531,569288.01275757
253873.3689131,569329.91397545
253860.6906131,569336.23577545
253816.69110708,569359.56093095
253810.36920708,569363.11673095
253601.30253985,569519.8795573
253593.65193985,569527.3639573
253557.46574967,569564.65252563
253550.43614967,569572.28332563
253411.98772115,569763.77937044
253408.29362115,569770.42157044
253354.14634482,569884.08875351
253346.28274482,569903.68735351
253276.4761807,570211.10948682
253274.7338807,570237.87618682
253275.73572491,570381.68227533
253277.56412491,570404.79797533
253288.77816752,570494.61793501
253289.93586752,570501.38323501
253299.83645492,570551.50279959
253302.06626638,570561.44739064
253302.9161565,570565.39087688
253309.62283518,570591.71662696
253310.31762014,570594.79778443
253320.00738221,570634.05284594
253321.01951527,570637.82381178
253323.95843403,570650.58035378
253328.17477392,570703.57503793
253329.52278526,570719.00552573
253332.14588526,570746.56792573
253334.78479906,570771.08697694
253335.95104659,570780.7961786
253336.00865471,570781.36196481
253341.74520447,570827.17840432
253343.62560447,570839.82140432
253343.68559291,570839.81248221
253346.45286254,570859.97918566
253347.33705407,570865.4288479
253347.48974511,570866.49581467
253353.49242931,570903.48489947
253358.03202931,570928.48619947
253364.42108086,570960.66151496
253368.90728086,570981.46211496
253375.06563218,571008.22692287
253376.64668618,571014.6908196
253187.68010267,571095.03676144
253174.28090267,571103.04306144
253139.41450297,571124.86181744
253127.81350297,571132.45791744
252912.66401785,571322.60724154
252907.78461785,571328.36584154
252844.16093766,571411.99362517
252833.78263766,571427.23502517
252826.80816209,571437.61658222
252820.34046209,571447.37508222
252813.04590047,571459.54847973
252812.15036204,571460.32428566
252799.92787795,571471.08810677
252783.61447795,571485.69220677
252704.42497406,571565.01524607
252695.43847406,571575.08764607
252674.6545587,571599.14201762
252663.2369587,571612.78881762
252644.71075601,571635.60519912
252640.11195601,571641.44219912
252592.98579954,571706.46721859
252589.41293001,571711.8384975
252517.15472068,571729.84688888
252508.63632068,571732.36468888
252486.74931964,571739.10733999
252470.27431964,571744.39003999
252385.72559495,571775.77111658
252385.70224762,571775.78100163
252381.36490951,571774.75633417
252367.99720951,571772.19963417
252367.79529458,571773.25534591
252266.78280258,571757.15279195
252245.58610258,571755.14969195
252164.14262012,571750.7940617
252138.82402012,571750.4740617
252080.96958409,571751.41698971
252057.04928409,571752.49968971
252021.39849998,571754.75202332
251998.24269998,571756.63072332
251998.27002689,571756.9675395
251994.58442858,571757.23918968
251986.48552452,571757.70939241
251964.44881433,571759.42546146
251961.14580252,571759.61152959
251949.68746527,571760.33119792
251947.9031883,571760.36248162
251937.39658934,571760.28046673
251887.26398934,571760.41806673
251505.93627721,571837.1113302
251182.7159115,572053.49357507
251180.8159115,572055.39457507
251148.92297115,572103.14468237
251080.47892289,572155.72909727
251055.97543282,572180.26865921
251031.47233578,572204.73921406
251030.62091527,572205.59052819
251006.03958377,572230.19839883
250981.46846815,572254.73668546
250936.99264072,572312.63225606
250925.93485969,572311.23533882
250923.21664348,572310.89573141
250853.32004348,572302.26023141
250835.15912894,572300.18484207
250830.74668235,572299.72141093
250826.66283447,572299.2343858
250811.07109632,572297.49889981
250703.43039632,572286.37169981
250694.49701419,572285.48873168
250604.98704761,572277.04715093
250593.74274047,572275.85046427
250589.36843699,572275.42494179
250576.68799793,572274.01998667
250562.83397594,572272.1933178
250561.17845894,572271.92640475
250545.66513094,572269.38011864
250532.91544043,572266.48468172
250528.95959054,572265.61883731
250526.27869777,572264.99780152
250481.65930536,572255.72751543
250456.65710536,572251.12461543
250380.74233755,572240.14001698
250355.75093755,572237.49771698
250225.0842888,572232.2806983
250200.0809888,572232.9190983
250084.63807327,572242.57903698
250064.95243397,572245.38205718
250059.21206304,572243.06886465
249993.85446778,572235.56794148
249934.05486522,572214.25194933
249911.85681518,572209.70788796
249808.23425378,572188.45978101
249794.70323094,572185.78231355
249773.70533094,572181.77761355
249766.6603064,572180.46014
249730.9044064,572173.90604
249712.66167663,572170.73640335
249632.05657663,572157.49900335
249625.85585157,572156.50067419
249621.12454501,572155.75415952
249607.00335208,572153.3142422
249289.74163151,572149.57677753
249168.68410118,572187.93480475
249137.04671639,572192.10215274
249113.17530922,572187.35700259
249088.17850922,572187.35520259
249063.15958344,572187.3537018
248937.54512705,572212.31220839
248912.77485752,572212.32035513
248793.15450761,572228.11320982
248587.76805752,572187.35145513
248562.77125752,572187.35975513
248557.9704194,572188.31485507
248265.75366345,572132.12111791
247950.52059825,572174.32829576
247831.77140806,572162.31672957
247813.01190787,572162.32129173
247788.17251217,572162.31960245
247763.17770922,572162.31780259
247738.16690773,572162.3162023
247713.17390864,572162.31440259
247688.17700893,572162.31260259
247662.96634943,572162.32098791
247638.17340893,572162.31920259
247613.17650893,572162.31740259
247588.16758538,572162.31570245
247563.17270893,572162.31390259
247538.17180843,572162.31220231
247513.77001698,572162.32032012
247394.27209839,572138.56656748
247232.89669931,572071.63405862
247220.48540749,572063.35052944
247205.96670563,572060.46449962
247172.24493463,572046.47796419
247149.1435763,572043.43187571
247138.24599005,572039.44740442
247128.33440911,572035.92834492
247113.63796054,572029.64843088
247106.42576844,572026.59993742
247047.84183429,572002.1072113
247001.26393404,571982.11364898
246984.85534972,571974.8312957
246965.45339243,571964.64475396
246955.45807835,571959.46849967
246946.3662521,571954.82483757
246925.38617239,571943.90002005
246918.14615413,571940.25394898
246878.56040183,571918.90796353
246871.02790183,571915.22856353
246767.80191912,571871.78543249
246752.73811912,571866.4173325
246726.82245412,571857.58003807
246710.36825412,571852.21943807
246697.48800131,571848.11927342
246665.84490131,571838.28137342
246655.19135909,571835.03411655
246635.66365909,571829.20061655
246592.16122624,571822.82721456
246567.86388005,571812.61072366
246542.04888984,571805.50653259
246523.84953604,571797.47349091
246404.77381938,571772.34832162
246269.07270747,571723.42146077
246110.68021864,571630.94328825
245976.77509687,571568.54293886
245973.07501404,571566.5787378
245957.32919383,571558.39825001
245908.13739383,571533.39315001
245875.84800027,571517.70272629
245846.44450027,571504.06152629
245842.22029773,571502.11371361
245817.44059773,571490.75741361
245774.36866309,571472.22718073
245758.12319224,571465.68509303
245738.03483253,571457.50667846
245737.63181857,571457.34995356
245733.68790107,571455.72787651
245725.88830107,571452.56997651
245722.04979095,571451.03949411
245646.9372266,571383.66755982
245518.76338007,571286.12717397
245447.91288007,571240.72587397
245280.93335508,571154.67936708
245202.62795508,571123.24326708
245180.82182898,571114.7838409
245087.60292898,571079.8693409
244678.44697428,571018.04628261
244618.78967428,571021.53668261
244431.74885296,571050.41985499
244343.60099729,571072.73833964
244290.58492164,571067.32174932
244040.98010107,571039.81862659
244037.32625339,571039.4228158
244029.35139188,571038.5737458
243910.04495029,570937.34462559
243592.69102942,570816.9692942
243253.35254666,570809.68056144
242931.12256148,570916.31811653
242915.56546754,570928.40849042
242803.51074849,570953.12236001
242796.15014849,570955.20356001
242736.94381314,570973.94804837
242715.98861314,570981.30574837
242607.00485493,571026.97087657
242592.48005493,571034.09317657
242537.55938882,571063.17442618
242530.39988882,571067.25522618
242467.46436048,571106.28366181
242459.20276048,571111.84076181
242419.65231305,571139.8597169
242408.59461305,571148.1030169
242363.43465962,571183.83711177
242357.75945962,571188.59981177
242298.70151006,571242.32254107
242288.51401006,571252.36154107
242258.66406636,571283.06352937
242249.16776636,571293.25882937
242232.52031272,571311.58124366
242227.20191272,571317.58234366
242202.46655792,571346.58836605
242193.90185792,571357.02846605
242178.45578391,571376.33878718
242172.7841166,571383.61193342
242130.67253996,571437.25255864
241971.56538945,571729.63818544
241917.24290767,572058.04876395
241973.7242668,572386.0949439
242134.75108147,572677.42775198
242382.48086564,572899.76621951
242689.46405926,573028.47425708
242704.37755926,573031.96285708
242728.32676192,573037.2561974
242738.32447979,573039.33766995
242825.70157896,573089.88003677
242881.47917822,573115.39110489
242800.64808534,573184.57241279
242774.38938534,573215.09621279
242629.10186498,573438.39441138
242547.92712556,573692.12893948
242531.75952546,573783.02308625
242524.28123623,573819.13092977
242518.69725619,573905.82418167
242480.62844815,573913.39829688
242435.6361763,573943.42768186
242205.08157078,574058.88671277
242082.38269245,574180.40833401
242081.61439685,574179.63868687
242056.61519685,574204.59398687
242052.321316,574210.18128102
241981.28399623,574280.53702007
241947.23433725,574346.92281668
241897.37863981,574411.79616932
241822.43990051,574592.47336683
241814.09406616,574604.97805389
241811.18627959,574619.6058314
241797.2613713,574653.17876617
241790.75489757,574702.52418284
241789.05159467,574705.07710576
241771.35135674,574794.14142564
241764.05661186,574805.07483105
241688.09890321,575187.28496248
241688.09690321,575212.24206248
241688.09530256,575237.2873942
241688.09349077,575259.90499583
241685.51562638,575272.87646819
241664.08959529,575304.97961667
241654.67757658,575352.32753901
241647.3105366,575361.9170427
241631.58082691,575399.85219465
241622.30840225,575411.92195136
241606.61076633,575449.78007221
241597.37509971,575461.79778719
241577.02710358,575510.85719554
241414.0951942,575754.98101931
241400.00451748,575825.8660527
241372.3055355,575861.92124461
241356.60702711,575899.78104212
241347.3708008,575911.7994853
241289.44237077,576051.46603889
241086.21475678,575932.18235484
240798.57159902,575863.6247018
240503.4542917,575882.18576082
240490.9553917,575884.86556082
240471.91916155,575889.14164009
240462.01916155,575891.46714009
240429.91855371,575899.5705145
240410.22225371,575904.8909145
240357.72188678,575920.6282154
240338.94058678,575926.8238154
240282.67676297,575947.27103205
240264.77086297,575954.39203205
240136.68989889,576016.21220099
240127.97499889,576021.21190099
240108.5160694,576032.66934304
240101.4974694,576036.90934304
239947.72762376,576151.25306842
239939.98402376,576158.25796842
239804.45397364,576308.45307046
239800.11547364,576314.36867046
239726.40662381,576445.08800268
239665.59763975,576441.02346723
239656.43663975,576441.34426723
239648.69693269,576441.64531161
239632.85603269,576442.32291161
239343.71972029,576498.0850764
239337.48002029,576500.2802764
239308.98548243,576510.79394015
239290.22998243,576518.03964015
239087.63939839,576645.15760715
239081.31902228,576644.38686372
239069.83972407,576642.82704225
239061.40825411,576641.7311933
239048.56361645,576639.92511594
239042.17692661,576639.09013675
239040.65092975,576638.8685282
239029.31411909,576637.28836938
238963.14571909,576628.45136938
238953.24340476,576627.17916351
238923.06380476,576623.45486351
238913.68059039,576622.34191247
238800.64797417,576609.47625523
238800.34623354,576609.43579192
238754.54403123,576593.17073103
238732.50409221,576585.14910295
238717.33650579,576579.76655271
238669.11000579,576563.08805271
238664.83304649,576561.61974097
238635.65954649,576551.67794097
238325.01797354,576498.29599906
238013.19173016,576544.25481218
237731.1600734,576684.9884725
237506.94223312,576906.51539787
237362.81376264,577186.8273715
237313.09351108,577498.07601029
237313.09141108,577512.18041029
237313.08970272,577537.29249901
237313.08770321,577562.25389586
237313.09588688,577587.49508692
237313.09390321,577612.24876377
237313.09220272,577637.29239751
237313.09020321,577662.25359522
237313.08850231,577687.30330185
237313.09638989,577712.45481825
237313.09480269,577737.2919935
237313.09270354,577762.24939066
237313.09100299,577787.29287466
237313.08880389,577812.24025015
237313.08730179,577837.30588963
237347.21347679,578096.37884529
237363.09007029,578134.67245209
237363.08990282,578137.29277279
237363.08770389,578162.23794944
237363.09618572,578187.50110675
237363.09410354,578212.24685696
237363.09339702,578222.65156027
237361.57275815,578234.18439904
237341.79084364,578296.27605551
237342.6383822,578377.78661046
237338.09180179,578412.26881378
237338.09030179,578437.31631378
237343.2573693,578437.31662322
237345.09173075,578613.73316144
237390.92718282,578747.89066486
237372.40324107,578792.56463328
237364.04755069,578805.08827089
237361.1364654,578819.7365812
237347.236896,578853.25800625
237343.0651129,578884.90524888
237322.30359852,578911.9301578
237306.60608517,578949.78798367
237297.37066459,578961.8053372
237281.6280007,578999.76109448
237272.3703362,579011.80737556
237256.60484882,579049.81794458
237247.30106555,579061.92850373
237207.36572043,579158.24036981
237138.5730334,579174.93568174
236851.59975237,579364.48384606
236839.18085237,579376.20604606
236832.84700696,579382.23715554
236821.90180696,579392.75085554
236810.97071511,579403.41265733
236796.91341511,579417.33465733
236785.76541824,579428.55134869
236774.88361824,579439.67474869
236761.63003071,579453.48454821
236735.00833071,579481.76024821
236533.53946562,579798.55460079
236463.08910209,580167.31619274
236463.09039728,580187.36792499
236463.08830354,580212.25115729
236463.09678504,580237.49837128
236463.09460389,580262.2421505
236463.09310179,580287.31801402
236497.21947817,580546.39169628
236497.57374827,580547.24617653
236497.76970215,580551.97995066
236497.23840612,580553.26127816
236474.25597364,580727.61101885
236358.19487455,580901.48888616
236123.03907473,580977.35490289
235909.34359926,581124.59597587
235906.9905373,581121.84700014
235893.91126646,581133.0425645
235876.53571351,581146.91974881
235859.83029236,581160.55934585
235848.09079236,581170.35724585
235831.49292404,581184.52003617
235818.01382404,581196.27813617
235761.52266317,581249.55743206
235749.27796317,581262.03913206
235726.83504407,581285.67493011
235714.29654407,581299.31843011
235656.75705685,581367.84511728
235646.39875685,581381.36641728
235622.36176463,581414.09928547
235612.03976463,581428.77088547
235581.05145768,581475.55365717
235576.73835768,581482.47965717
235567.84406635,581497.03744069
235559.59766635,581510.79724069
235531.23663884,581561.39212885
235518.16083884,581586.39212885
235501.96085361,581618.78014797
235490.01545361,581643.78374797
235483.18070486,581658.39164193
235474.05055772,581678.32263264
235467.2409598,581692.46653974
235460.08138122,581705.66146965
235459.71240467,581706.31167394
235452.55600451,581719.14119459
235442.65796824,581737.19620062
235433.26197175,581753.5696992
235410.37527423,581795.76710379
235406.6044054,581803.13640343
235398.07269917,581819.17429382
235385.04939917,581844.61419382
235365.96005667,581884.00605137
235362.20365378,581892.21045708
235354.84856457,581907.72466162
235344.78676457,581929.64706162
235337.37618628,581946.18677726
235334.33368628,581953.14567726
235323.04041018,581980.03783358
235318.60307281,581991.05149417
235312.79028101,582005.08363153
235296.47198101,582046.08643153
235290.40677861,582061.70603122
235284.92517861,582076.18093122
235281.04586995,582086.59925362
235280.77834387,582087.33012296
235269.14017522,582117.22635128
235226.97347425,582213.2302941
235212.27221879,582248.5187274
235199.36058648,582281.26075553
235187.79576277,582287.45630308
235172.08826277,582296.01590308
235134.80001146,582317.38746409
235118.71861146,582327.06936409
235092.29464077,582343.54397394
235070.87434077,582357.36667394
234826.24247896,582580.45763463
234667.86021227,582871.19700616
234613.0885059,583197.71558869
234613.09002738,583211.72701701
234588.09373479,583337.6423722
234588.09773479,583352.8069722
234603.53492436,583527.57502801
234604.67811388,583534.00552619
234600.193423,583546.11296516
234591.489123,583571.11886516
234579.36133419,583608.28438902
234571.10853419,583635.35848902
234562.07590173,583666.82916792
234556.77310173,583686.51446792
234549.32910814,583715.91673099
234544.52950814,583736.15963099
234541.37295029,583749.9037972
234539.59665029,583757.8959972
234534.76231902,583780.92322318
234529.81911902,583805.92852318
234527.19555909,583819.70708211
234525.61285909,583828.34858211
234525.35164716,583829.83615711
234479.12062739,583903.70838324
234461.90902739,583935.12348324
234431.12780925,583996.1702323
234409.23310925,584043.5561323
234378.88018485,584116.72865887
234352.52688485,584188.12675887
234336.38579633,584235.46992879
234296.32079633,584363.37142879
234284.32549984,584404.77226584
234281.67959984,584414.70006584
234273.68124198,584446.84097496
234268.98224198,584467.15337496
234265.21112107,584484.12539326
234263.65112107,584491.44619326
234255.77261966,584532.63824243
234252.16901966,584553.88484243
234238.0886,584721.105
234238.0886,584737.3801
234238.09669093,584762.47222722
234238.09530224,584787.31758541
234238.09330321,584812.26326473
234314.03333683,585194.59094343
234319.03624199,585202.08915125
234333.71342923,585298.21479448
234335.57355701,585302.01775075
234326.87141902,585371.5238114
234272.17997932,585503.46148232
234270.48318276,585516.36393326
234256.57721995,585549.89185515
234247.23205121,585562.05803691
234172.48829107,585742.42151672
234164.0907212,585755.00397853
234161.15620875,585769.76686028
234147.16342288,585803.53272312
234143.49871441,585831.40645847
234138.44566268,585843.59298063
234064.04795616,585955.10261715
234060.51106875,585972.90055798
234039.08530358,586005.0036545
234019.45490665,586103.75957269
233933.30581884,586370.44986065
233933.99485207,586635.15130607
233831.025627,586800.79485429
233776.07313938,587094.00474318
233772.25654271,587103.20670879
233767.29285459,587140.85369284
233766.00980955,587147.69963395
233747.38268361,587192.62334014
233739.05424115,587205.10628654
233736.15263206,587219.70725735
233733.69290076,587225.63947935
233714.08967881,587255.01203912
233706.59533196,587292.7151239
233623.54517692,587472.41869804
233580.42080258,587743.01014386
233569.73730258,588261.39434386
233569.66644329,588265.18056203
233564.97246564,588544.23489036
233559.99173437,588554.50334184
233519.21633437,588675.08774184
233467.34403624,588954.88863012
233496.384475,589237.97152489
233530.8752136,589322.41529538
233502.98465915,589348.64677247
233293.00559247,589631.19798665
233272.37829247,589672.60568665
233253.00309735,589748.6591909
233131.61092561,589829.67105063
233106.61102561,589854.62735063
233105.46669436,589855.77153622
233080.46729436,589880.80823622
232864.09082695,590205.01981419
232835.44257099,590349.14943746
232810.05082051,590376.73830205
232730.45940124,590543.03163205
232689.09090895,590605.01639949
232636.77266275,590868.22685641
232622.25967768,590903.2187329
232615.75443747,590952.55822055
232614.04849428,590955.11515874
232611.13800089,590969.76110398
232597.23835062,591003.28357727
232590.74608127,591052.53724782
232589.09131043,591055.01669592
232585.54030025,591072.88146172
232564.09021565,591105.02148331
232535.72680435,591247.71486346
232464.04427398,591355.10975018
232449.92632963,591426.22879465
232397.25720621,591553.21757202
232363.09890135,591812.29847954
232363.09760166,591837.33070053
232363.09600205,591862.29271823
232363.09460156,591887.33908544
232363.0967054,591907.71547503
232406.81238623,592200.05015978
232534.07922874,592466.83430372
232733.77784888,592684.75880847
232988.46045267,592834.78347306
233096.86250665,592860.81411759
233162.11808504,592918.40114901
233172.57148504,592925.62554901
233246.82093652,592972.26682412
233251.57743652,592974.97142412
233448.15644097,593058.94998293
233522.31435737,593237.80677574
233531.61100111,593249.90711023
233538.09934561,593265.5515607
233538.09830134,593287.33789859
233538.09690157,593312.30202868
233538.09560135,593337.34437933
233538.10399261,593362.50071562
233538.10293695,593386.52959127
233538.0973147,593389.87201659
233595.08875753,593724.32658874
233760.62775844,594020.47642339
234015.65947307,594244.23233932
234330.82774005,594369.83826622
234669.85420664,594382.83597143
234691.02938092,594380.02142878
234703.85685605,594378.38132158
234705.84675727,594378.12486582
234713.91214618,594377.07718299
234729.16744995,594375.37609927
234762.74961426,594371.05465862
234785.40871426,594367.74795862
234846.30859033,594356.92748433
234864.87309033,594353.03318433
234916.91626866,594340.65400589
234927.00466866,594337.96730589
234949.83706294,594331.59593031
234960.14376294,594328.58773031
235015.02333779,594310.83729061
235023.93863779,594307.66689061
235052.39812346,594297.05676044
235067.09112346,594291.32336044
235136.6494643,594261.0934739
235155.3956643,594252.0864739
235203.85521339,594227.15563449
235208.10361339,594224.82143449
235246.47251329,594202.61930504
235265.41481329,594191.09050504
235314.35095087,594159.31389589
235324.23625087,594152.47679589
235340.33438791,594140.87897357
235323.59349307,594162.66361053
235308.84570149,594177.4336424
235262.687872,594196.57164816
235055.46755902,594355.7805779
235030.96423656,594380.32075439
235006.46131101,594404.79172761
235005.60855244,594405.64440181
234981.0975684,594430.18253392
234956.59688735,594454.6412693
234955.45824583,594455.77979322
234930.95643561,594480.31855335
234906.45482617,594504.78811431
234905.46075902,594505.7822779
234881.02890822,594530.25087524
234856.59756949,594554.64048474
234697.36534453,594761.84762802
234597.25386046,595003.23402458
234563.09970065,595262.31546942
234563.09880115,595287.3496811
234563.09720205,595312.29369256
234563.10608932,595337.54377755
234563.10460181,595362.29429975
234563.10370065,595387.35665492
234593.73442354,595619.85093553
234588.09786605,595662.71764463
234588.09871977,595665.06661875
234572.24380844,595703.30642057
234571.90720044,595705.86041584
234554.82501196,595731.45618506
234531.46034132,595754.79020101
234530.46062585,595755.79001746
234505.46132585,595780.82721746
234355.06711277,596006.17825493
234330.32147431,596030.97120837
234280.30520494,596105.93960795
234255.32036141,596130.97232398
234105.07206425,596356.17726456
234081.03190142,596380.25368083
234056.60116707,596404.64268716
234055.32006141,596405.92392398
234030.96154153,596430.32911627
234006.60358492,596454.64537172
234005.46353903,596455.78530214
233980.9608162,596480.32507398
233956.45849217,596504.79554461
233955.46726114,596505.78687578
233931.03530807,596530.25557539
233906.60386707,596554.64528716
233905.32135121,596555.92793688
233880.96353392,596580.33252267
233856.60618249,596604.64817415
233855.60602977,596605.64802761
233831.09716057,596630.18423855
233806.59840035,596654.64095872
233805.31446141,596655.92502398
233780.95452626,596680.33163425
233756.59514922,596704.64950259
233755.45652586,596705.78801746
233730.95672929,596730.32495676
233706.45703946,596754.79250286
233705.46014795,596755.78949109
233681.02758476,596780.25889963
233656.59543138,596804.64951801
233655.46104795,596805.78379109
233630.95984232,596830.32194557
233606.45873946,596854.79090286
233605.45902585,596855.79071746
233581.02928703,596880.25749281
233556.59996707,596904.64508716
233555.31745392,596905.92773417
233530.95953529,596930.33242131
233506.60218249,596954.64807415
233505.46355008,596955.78658896
233482.09986335,596979.18550898
233452.35048639,596999.03536063
233337.56742089,597046.64093239
233130.32166411,597205.92612127
233105.96304169,597230.33141611
233081.6049825,597254.64777415
233080.46352799,597255.78911532
233055.96292376,597280.32686336
233044.25269013,597292.02177987
232912.56096789,597346.64026922
232705.3183001,597505.92187719
232680.95665586,597530.32990693
232656.59576464,597554.64918957
232655.45572799,597555.78911531
232630.45632799,597580.82641531
232414.0643543,597905.08745038
232338.0985013,598287.44839806
232338.1036013,598387.45219806
